Accuracy,A,R,N,D,C,E,Q,G,H,I,L,K,M,F,P,S,T,W,Y,V,X
0.9659090909090909,96.5909090909091,0.0,0.0,0.0,0.0,0.0,0.0,1.2626262626262625,0.0,0.0,0.0,0.0,0.0,0.0,0.0,2.146464646464646,0.0,0.0,0.0,0.0,0.0
0.6792452830188679,0.22870211549456831,67.9245283018868,0.05717552887364208,1.2006861063464835,0.05717552887364208,0.34305317324185247,8.00457404230989,0.0,0.11435105774728416,2.5728987993138936,5.145797598627787,3.487707261292167,0.4002287021154946,3.659233847913093,0.11435105774728416,0.9148084619782733,1.2006861063464835,0.05717552887364208,2.401372212692967,2.115494568324757,0.0
0.0144,0.6933333333333334,3.0933333333333333,1.44,30.933333333333334,0.10666666666666667,0.32,6.72,0.16,0.4266666666666667,0.5333333333333333,12.106666666666667,1.76,0.32,1.6533333333333333,16.21333333333333,12.0,8.32,0.0,0.4266666666666667,2.7733333333333334,0.0
0.34579439252336447,1.557632398753894,1.3084112149532712,0.7476635514018692,34.57943925233645,0.3115264797507788,0.0,4.984423676012461,0.24922118380062305,0.3115264797507788,0.7476635514018692,10.2803738317757,0.6853582554517134,0.0,1.557632398753894,18.442367601246108,16.573208722741434,5.233644859813085,0.0,0.43613707165109034,1.9937694704049844,0.0
0.09669811320754718,3.5377358490566038,0.0,0.2358490566037736,1.7688679245283019,9.669811320754718,0.1179245283018868,0.3537735849056604,3.7735849056603774,0.0,15.330188679245282,3.5377358490566038,0.0,0.1179245283018868,0.589622641509434,3.6556603773584904,31.839622641509436,14.38679245283019,0.0,0.2358490566037736,10.849056603773585,0.0
0.010054844606946984,0.0,15.996343692870202,0.4570383912248629,6.39853747714808,0.18281535648994515,1.0054844606946984,23.03473491773309,0.0,0.18281535648994515,3.0164533820840953,22.212065813528337,3.5648994515539303,0.7312614259597806,1.2797074954296161,3.3820840950639854,2.46800731261426,11.608775137111516,0.0,0.3656307129798903,4.113345521023766,0.0
0.24455696202531646,0.25316455696202533,16.253164556962023,0.35443037974683544,7.189873417721519,0.20253164556962028,0.6582278481012658,24.455696202531644,0.0,0.25316455696202533,4.253164556962026,16.50632911392405,3.3924050632911396,0.40506329113924056,1.3670886075949367,3.79746835443038,2.632911392405063,11.594936708860759,0.0,0.4556962025316456,5.974683544303797,0.0
0.9812118365429779,0.986378581493659,0.0,0.0,0.0,0.046970408642555195,0.0,0.0,98.1211836542978,0.0,0.0,0.0,0.0,0.0,0.0,0.0,0.7515265382808831,0.0,0.0,0.046970408642555195,0.046970408642555195,0.0
0.008075370121130552,0.8075370121130552,9.421265141318976,0.5383580080753702,18.977119784656796,0.13458950201884254,0.2691790040376851,7.402422611036339,0.6729475100942126,0.8075370121130552,0.6729475100942126,9.959623149394348,2.1534320323014806,0.5383580080753702,13.189771197846568,11.843876177658142,7.537012113055182,2.6917900403768504,0.0,9.01749663526245,3.3647375504710633,0.0
0.5493150684931507,0.0,1.095890410958904,0.0,0.0,0.0684931506849315,0.0,2.1232876712328768,0.0,0.0,54.93150684931507,9.452054794520548,0.2054794520547945,0.0,0.0684931506849315,0.0684931506849315,0.136986301369863,25.34246575342466,0.0,0.0,6.506849315068493,0.0
0.41961620469083155,0.08528784648187633,3.2835820895522385,0.1279317697228145,4.3070362473347545,0.17057569296375266,0.255863539445629,7.9317697228145,0.0,0.0,7.420042643923241,41.96162046908316,0.767590618336887,0.21321961620469082,1.4072494669509594,2.8997867803837956,1.9616204690831558,16.929637526652453,0.0,0.5543710021321961,9.722814498933902,0.0
0.08272058823529412,0.12254901960784313,37.00980392156863,0.30637254901960786,5.821078431372549,0.061274509803921566,1.0416666666666665,16.666666666666664,0.0,0.428921568627451,2.5735294117647056,11.33578431372549,8.272058823529411,0.30637254901960786,3.9215686274509802,1.6544117647058825,2.144607843137255,3.553921568627451,0.0,1.2867647058823528,3.4926470588235294,0.0
0.12703101920236337,0.14771048744460857,6.646971935007386,0.0,4.874446085672083,0.14771048744460857,0.0,10.487444608567207,0.0,0.14771048744460857,9.748892171344165,24.372230428360414,1.03397341211226,12.703101920236337,1.9202363367799113,2.363367799113737,2.806499261447563,12.55539143279173,0.0,0.8862629246676514,9.15805022156573,0.0
0.24700460829493087,0.6451612903225806,16.129032258064516,0.09216589861751152,8.663594470046084,0.6451612903225806,0.09216589861751152,6.267281105990784,0.3686635944700461,1.1059907834101383,0.7373271889400922,10.967741935483872,3.133640552995392,0.4608294930875576,24.70046082949309,6.820276497695852,3.963133640552995,1.1059907834101383,0.0,11.705069124423963,2.3963133640553,0.0
0.8901996370235935,0.0,0.09074410163339383,0.0,1.6787658802177858,0.2268602540834846,0.0,0.27223230490018147,0.0,0.09074410163339383,0.2268602540834846,0.7713248638838476,0.0,0.045372050816696916,0.9074410163339384,89.01996370235935,3.901996370235935,2.4047186932849365,0.0,0.27223230490018147,0.09074410163339383,0.0
0.7647963105303612,9.800153727901614,0.03843197540353574,0.03843197540353574,0.8839354342813222,0.42275172943889316,0.0,0.0,2.113758647194466,0.0,0.3458877786318217,0.3074558032282859,0.0,0.07686395080707148,0.15372790161414296,3.1898539584934666,76.47963105303613,2.8823981552651805,0.0,0.0,3.266717909300538,0.0
0.5881742738589212,0.15560165975103735,0.3630705394190871,0.0,1.1929460580912863,0.3630705394190871,0.0,2.1265560165975104,0.2593360995850622,0.0,4.616182572614108,2.9564315352697093,0.1037344398340249,0.2593360995850622,0.0,1.1410788381742738,2.54149377593361,58.81742738589212,0.0,0.1037344398340249,25.0,0.0
0.0,0.3215434083601286,31.511254019292608,0.3215434083601286,3.215434083601286,0.3215434083601286,0.3215434083601286,4.180064308681672,0.0,0.3215434083601286,0.3215434083601286,13.826366559485532,4.501607717041801,0.0,16.39871382636656,3.215434083601286,2.2508038585209005,0.6430868167202572,0.0,15.755627009646304,2.572347266881029,0.0
0.17792792792792791,1.0135135135135136,23.986486486486484,0.0,6.193693693693693,0.0,0.11261261261261261,5.63063063063063,0.11261261261261261,0.6756756756756757,1.1261261261261262,7.31981981981982,3.040540540540541,0.33783783783783783,21.734234234234233,4.054054054054054,4.2792792792792795,0.6756756756756757,0.0,17.792792792792792,1.9144144144144142,0.0
0.7517564402810304,0.0,0.234192037470726,0.0,0.4098360655737705,0.117096018735363,0.0,0.5854800936768151,0.4098360655737705,0.0,3.161592505854801,1.3466042154566744,0.117096018735363,0.0,0.0,0.0585480093676815,1.288056206088993,17.096018735362996,0.0,0.0,75.17564402810304,0.0
0.0,0.0,0.0,0.0,0.0,0.0,0.0,0.0,0.0,0.0,0.0,0.0,0.0,0.0,0.0,0.0,0.0,0.0,0.0,0.0,0.0,0.0
