,Accuracy,A,R,N,D,C,E,Q,G,H,I,L,K,M,F,P,S,T,W,Y,V,X
A,0.6902356902356902,69.02356902356902,0.0,0.0,0.0,0.16835016835016833,0.0,0.0,1.430976430976431,0.0,0.0,0.0,0.0,0.0,0.08417508417508417,0.0,29.292929292929294,0.0,0.0,0.0,0.0,0.0
R,0.07604345340194396,0.0,7.604345340194396,0.0,0.0,0.0,0.0,0.11435105774728416,0.0,0.0,1.429388221841052,19.153802172670098,0.0,0.22870211549456831,69.92567181246426,0.0,1.0863350485991996,0.0,0.0,0.22870211549456831,0.22870211549456831,0.0
N,0.0005333333333333334,0.05333333333333334,0.8533333333333334,0.05333333333333334,0.8533333333333334,0.5333333333333333,0.0,0.26666666666666666,0.05333333333333334,0.0,0.4266666666666667,29.759999999999998,0.05333333333333334,0.32,44.21333333333333,6.026666666666667,15.146666666666667,0.32,0.0,0.05333333333333334,1.0133333333333332,0.0
D,0.014330218068535825,0.3115264797507788,0.43613707165109034,0.1869158878504673,1.4330218068535825,0.9968847352024922,0.0,0.12461059190031153,0.0,0.0,0.6230529595015576,22.554517133956388,0.06230529595015576,0.43613707165109034,41.308411214953274,8.286604361370717,22.305295950155763,0.12461059190031153,0.0,0.06230529595015576,0.7476635514018692,0.0
C,0.14858490566037735,1.5330188679245282,0.1179245283018868,0.0,0.0,14.858490566037736,0.0,0.0,0.589622641509434,0.0,9.55188679245283,31.014150943396224,0.0,0.0,6.014150943396227,1.8867924528301887,26.7688679245283,0.9433962264150944,0.0,0.0,6.721698113207547,0.0
E,0.0,0.0,2.010968921389397,0.0,0.18281535648994515,0.18281535648994515,0.0,0.0,0.0,0.0,1.736745886654479,53.199268738574034,0.18281535648994515,0.18281535648994515,36.19744058500914,1.0968921389396709,3.5648994515539303,0.0,0.0,0.18281535648994515,1.2797074954296161,0.0
Q,0.0005063291139240507,0.05063291139240507,2.430379746835443,0.0,0.20253164556962028,0.0,0.0,0.05063291139240507,0.0,0.0,2.0253164556962027,48.9620253164557,0.1518987341772152,0.05063291139240507,38.78481012658228,1.1645569620253164,4.6075949367088604,0.25316455696202533,0.0,0.05063291139240507,1.2151898734177216,0.0
G,0.7740723344293096,2.3954908407703144,0.0,0.0,0.0,0.9394081728511038,0.0,0.0,77.40723344293096,0.0,0.0,0.0,0.0,0.0,0.3287928604978863,0.0,18.929074682949743,0.0,0.0,0.0,0.0,0.0
H,0.0,0.0,0.4037685060565276,0.0,0.4037685060565276,0.4037685060565276,0.0,0.13458950201884254,0.13458950201884254,0.0,0.13458950201884254,15.074024226110364,0.0,0.4037685060565276,69.17900403768506,3.4993270524899054,8.882907133243608,0.13458950201884254,0.0,0.2691790040376851,0.9421265141318977,0.0
I,0.25205479452054796,0.0,0.2054794520547945,0.0,0.0,0.8904109589041096,0.0,0.0684931506849315,0.0,0.0,25.205479452054796,64.38356164383562,0.0,0.0684931506849315,4.589041095890411,0.136986301369863,0.8904109589041096,0.273972602739726,0.0,0.0,3.287671232876712,0.0
L,0.6281449893390192,0.0,0.6823027718550106,0.042643923240938165,0.08528784648187633,0.42643923240938164,0.0,0.0,0.0,0.0,3.3262260127931773,62.814498933901916,0.0,0.08528784648187633,26.140724946695098,0.9381663113006397,3.96588486140725,0.1279317697228145,0.0,0.042643923240938165,1.3219616204690832,0.0
K,0.001838235294117647,0.0,4.901960784313726,0.0,0.0,0.0,0.0,0.24509803921568626,0.0,0.0,0.857843137254902,29.350490196078432,0.1838235294117647,0.061274509803921566,61.3357843137255,0.3676470588235294,1.6544117647058825,0.061274509803921566,0.0,0.12254901960784313,0.857843137254902,0.0
M,0.14180206794682423,0.14771048744460857,0.7385524372230428,0.0,0.14771048744460857,0.14771048744460857,0.0,0.0,0.0,0.0,2.06794682422452,50.66469719350074,0.0,14.180206794682423,25.258493353028065,0.4431314623338257,3.8404726735598227,0.0,0.0,0.0,2.363367799113737,0.0
F,0.7824884792626728,0.09216589861751152,0.8294930875576038,0.0,0.0,0.7373271889400922,0.0,0.0,0.0,0.0,0.3686635944700461,12.995391705069123,0.0,0.18433179723502305,78.24884792626729,1.6589861751152075,3.963133640552995,0.0,0.0,0.8294930875576038,0.09216589861751152,0.0
P,0.6987295825771325,0.0,0.09074410163339383,0.0,0.13611615245009073,0.3176043557168784,0.0,0.0,0.0,0.0,0.2268602540834846,7.486388384754991,0.0,0.5444646098003629,15.01814882032668,69.87295825771325,5.9891107078039925,0.2268602540834846,0.0,0.0,0.09074410163339383,0.0
S,0.8170637970791699,1.6525749423520368,0.0,0.0,0.07686395080707148,1.1145272867025366,0.0,0.03843197540353574,2.0368946963873946,0.03843197540353574,0.5764796310530361,4.9577248270561105,0.03843197540353574,0.15372790161414296,2.959262106072252,0.8455034588777863,81.706379707917,0.5380476556495004,0.0,0.0,3.266717909300538,0.0
T,0.03475103734439834,0.05186721991701245,0.3112033195020747,0.0,0.3112033195020747,1.8672199170124482,0.0,0.05186721991701245,0.2593360995850622,0.0,9.751037344398341,49.53319502074689,0.0,0.15560165975103735,3.7344398340248963,1.1929460580912863,14.004149377593361,3.475103734439834,0.0,0.0,15.300829875518673,0.0
W,0.0,0.0,2.2508038585209005,0.0,0.0,0.3215434083601286,0.0,0.0,0.0,0.0,0.3215434083601286,14.469453376205788,0.0,0.3215434083601286,76.84887459807074,0.3215434083601286,3.536977491961415,0.0,0.0,1.2861736334405145,0.3215434083601286,0.0
Y,0.009009009009009009,0.11261261261261261,1.0135135135135136,0.0,0.0,0.33783783783783783,0.0,0.0,0.0,0.0,0.11261261261261261,9.797297297297296,0.0,0.11261261261261261,81.98198198198197,0.11261261261261261,5.405405405405405,0.0,0.0,0.9009009009009009,0.11261261261261261,0.0
V,0.2576112412177986,0.0585480093676815,0.0585480093676815,0.0,0.0,1.1709601873536302,0.0,0.0585480093676815,0.468384074941452,0.0,3.9227166276346606,48.12646370023419,0.0585480093676815,0.0,6.61592505854801,0.0585480093676815,13.114754098360656,0.5269320843091335,0.0,0.0,25.76112412177986,0.0
X,0.0,0.0,0.0,0.0,0.0,0.0,0.0,0.0,0.0,0.0,0.0,0.0,0.0,0.0,0.0,0.0,0.0,0.0,0.0,0.0,0.0,0.0
