Feature,Mean Error,Stddev Error,Mean True,Stddev True,Max True,Min True
sasa_N,0.18526813405233572,0.1313193524687091,0.33196777,0.25018448,1.0748165,0.0
cx_N,0.011685975225868516,0.008770647254352665,0.010547956,0.007337196,0.04806369,-0.0008023717
rd_value_N,0.06473296291478779,0.06303247418322616,0.27078095,0.09802444,1.3266011,0.14516236
sasa_CA,0.04021878454685784,0.036181000757340744,0.050768085,0.06671542,0.6670114,0.0
cx_CA,0.008040275610068018,0.006106204915318877,0.010826131,0.007540819,0.04806369,-0.00089657377
rd_value_CA,0.04469402808677664,0.058959703236544626,0.29349837,0.08651128,1.4259534,0.07608753
sasa_C,0.05352534951920488,0.045198428516180014,0.080501504,0.10272403,0.6198172,0.0
cx_C,0.011520693845455827,0.008549523221545462,0.010568218,0.0073618283,0.05100177,-0.00083427085
rd_value_C,0.05131695927784783,0.05905950427232392,0.27504537,0.09385539,1.3546032,0.18543035
sasa_O,0.07956736375511356,0.056875496271573595,0.21405388,0.20069277,0.9462533,0.0
cx_O,0.012799090098151411,0.009877199165831942,0.010813622,0.007583541,0.054285496,-0.00083427085
rd_value_O,0.07075380432315297,0.06779870568465969,0.23027396,0.112759784,1.3918567,0.17891231
cx_min,0.007973740308616398,0.006064049620341093,0.009658105,0.0072433786,0.040852055,-0.00091184647
cx_max,0.011137804371449771,0.008597630774358052,0.014616189,0.009579817,0.08652577,0.0
cx_avg,0.011782365141450417,0.009078652734181748,0.011637969,0.0078119747,0.05087673,-0.00078907714
cx_std,0.010200325839719677,0.00815616754668918,0.003269863,0.0031724346,0.042615905,0.0
u12_dist_0,1.4965143931341773,1.1417257921200923,10.116826,2.969618,24.280287,2.981121
u13_dist_0,1.3226036769965015,0.9761120407617505,9.200054,3.0177763,21.126232,2.9876027
u14_dist_0,1.5251098793295057,1.1076914284111057,10.56488,4.5719137,27.258986,2.467331
u15_dist_0,1.2867612171289122,0.9153181704551031,9.521025,3.0039353,20.317888,3.3483791
u16_dist_0,1.2519573129963049,0.91694637882373,9.509838,2.8446429,21.126232,3.039174
u17_dist_0,1.5416301313692045,1.0994433821286982,10.658482,4.5882545,26.197105,2.467331
u18_dist_0,1.345633739254772,0.9964435510111973,9.266264,2.9013839,21.361044,2.7461047
u19_dist_0,1.469844434908168,1.143655592541663,10.108839,2.9475,25.183289,2.6216016
nearest_distances_cb_0,0.9862551992877067,0.720107921078223,7.4149294,2.5387278,15.771277,2.6216016
u20_dist_0,1.041053002283837,0.7437003364034671,7.82126,2.0380585,15.171163,3.131608
u21_dist_0,0.9433483481368999,0.6366976537941932,7.552255,2.8812826,19.365475,3.131608
u22_dist_0,1.1893141175336215,0.9564868642683847,7.715464,4.748837,24.192976,2.6342688
u23_dist_0,0.9390894134577299,0.5962517423202689,7.6109004,2.8085747,19.34301,3.7147005
u25_dist_0,0.94955670912974,0.6337028998863146,7.661477,2.8188553,19.352942,3.7864175
u26_dist_0,1.1738943662519468,0.8977868042745275,7.672382,4.705291,24.179768,2.6342688
u27_dist_0,0.9555880395949494,0.6223135440771217,7.5422883,2.8207529,19.349558,3.5232306
u28_dist_0,1.0760880232834362,0.7539184907823704,7.8654137,2.0457017,16.931412,3.131608
nearest_distances_ca_0,0.8337053270676442,0.4712564635006754,7.20316,2.138681,14.513818,3.131608
t12_cos_0,0.059129169204697615,0.0428406153340507,-0.45915186,0.30151474,0.5746034,-0.99995625
t23_cos_0,0.05348964865954911,0.03963151443244457,-0.15787381,0.43838012,0.90415776,-0.9965343
t45_cos_0,0.20838777903114405,0.17021034546072356,-0.032295033,0.57778513,0.99998283,-0.9999445
t56_cos_0,0.21380284291075755,0.16986851869150996,-0.02162677,0.55128723,0.9998506,-0.9999674
t78_cos_0,0.18616523256081355,0.18240754073721502,-0.7108969,0.26094288,0.7490388,-0.9999853
t89_cos_0,0.2782895519008616,0.21631081318244075,-0.48026752,0.40153813,0.9975159,-0.9999832
t108_cos_0,0.21996040501033476,0.16075962343417705,-0.47674507,0.29798084,0.5746034,-0.99995625
t811_cos_0,0.3137841248045313,0.21339958090663907,-0.13603126,0.44917002,0.90415776,-0.9954463
t110_cos_0,0.19904638741984726,0.20046745093753607,0.39711085,0.6035139,0.99999934,-0.99984694
t311_cos_0,0.2154021079108899,0.2224420397986554,0.39763477,0.6017562,0.9999823,-0.9998481
t28_cos_0,0.2449545030681265,0.1952169138659803,0.23817798,0.5783386,0.99995446,-0.9999038
t47_cos_0,0.27548675870869427,0.22306039215059117,0.2861607,0.5585184,0.9999459,-0.999868
t69_cos_0,0.29590395779581247,0.2400928889018773,0.27326116,0.558673,0.9999868,-0.999717
t75_cos_0,0.20251022791386342,0.15974796591345616,-0.02835665,0.57467085,0.9999627,-0.99998283
t95_cos_0,0.23599602041772666,0.1839633226910539,-0.027808767,0.5530791,0.9999674,-0.9999179
t42_cos_0,0.11196246499218297,0.10777527113101394,-0.7028666,0.27032402,0.7490388,-0.9999953
t62_cos_0,0.11457655666686863,0.09738101723261508,-0.49050176,0.39840356,0.9975159,-0.9999832
t25_cos_0,0.23195620573773582,0.17393580091462782,0.021933254,0.452162,0.9996928,-0.9999925
t85_cos_0,0.24710199101598593,0.17723134449674063,0.03347566,0.45913795,0.9996303,-0.999272
dihedral_cos_selfai_selfbi_selfbj_selfaj_0,0.299469028708633,0.2704725994320647,0.22325452,0.68999964,1.0,-0.99999994
dihedral_sin_selfai_selfbi_selfbj_selfaj_0,0.47316409890528793,0.29851115491476105,-0.0949329,0.6819422,1.0,-0.99999994
dihedral_cos_minusi_selfi_selfj_minusj_0,0.3062302365575058,0.28005510347220086,0.0871598,0.730097,1.0,-1.0
dihedral_sin_minusi_selfi_selfj_minusj_0,0.512572970736516,0.3036071940498014,-0.0096749645,0.67470866,1.0,-1.0
dihedral_cos_minusi_selfi_selfj_plusj_0,0.37871402298956686,0.2960819654994301,0.070788875,0.71007574,1.0,-1.0
dihedral_sin_minusi_selfi_selfj_plusj_0,0.5002348529230951,0.31101017689520966,-0.011732875,0.6972046,1.0,-1.0
dihedral_cos_plusi_selfi_selfj_minusj_0,0.43199746208654993,0.30994718416840794,0.074096054,0.70983124,1.0,-1.0
dihedral_sin_plusi_selfi_selfj_minusj_0,0.4644445358255828,0.3083832600227943,-0.040831674,0.69638205,1.0,-1.0
dihedral_cos_plusi_selfi_selfj_plusj_0,0.3347083503543326,0.3033640976559837,0.09435789,0.7264397,1.0,-1.0
dihedral_sin_plusi_selfi_selfj_plusj_0,0.5031825733525266,0.3058579364940446,-0.063560255,0.674386,1.0,-1.0
linear_foldseek_b_0,0.8682195496267551,0.791262461747772,0.032528654,4.235315,6.0,-6.0
log_foldseek_b_0,0.5627410546219013,0.5686656784405472,0.009820706,2.3576374,7.3065314,-7.4448333
linear_foldseek_a_0,0.730709289728912,0.6932497702731518,-0.019754114,3.775769,6.0,-6.0
log_foldseek_a_0,0.4553288631916443,0.44791645527549856,-0.013363532,1.9922489,7.3065314,-7.3072023
u12_dist_1,1.528200698118704,1.1913289125185664,10.453692,3.1869276,27.53012,2.981121
u13_dist_1,1.4387602352291458,1.0572288097140878,9.763757,3.1741874,23.922697,2.7461128
u14_dist_1,1.643240552725007,1.158482389007807,10.9988985,4.7183304,28.338497,2.0381732
u15_dist_1,1.2850524713556906,0.9341657179159389,9.914513,3.2169695,23.922697,2.9862733
u16_dist_1,1.4317436381690731,1.0285093145113373,10.049535,3.2654343,22.506165,2.7461047
u17_dist_1,1.5351227318697842,1.1198741230094023,10.821748,4.71212,28.338497,2.0381732
u18_dist_1,1.364704761964957,1.0066307319760532,9.70278,3.1407757,24.817684,2.6216016
u19_dist_1,1.5299460280221702,1.1654170141777747,10.473166,3.2032533,26.639734,2.7461128
nearest_distances_cb_1,1.0054771670032923,0.6577481778202476,8.505968,2.6841938,18.84463,3.263258
u20_dist_1,1.1636324174396357,0.7775354022560274,8.232749,2.0701938,15.934163,3.131608
u21_dist_1,1.0230153624483371,0.6712516561372011,7.99008,2.8852108,19.404762,3.131608
u22_dist_1,1.2569697649155107,0.9088673333007602,8.091524,4.79152,24.22221,2.8903973
u23_dist_1,1.0544505241227575,0.648273778584582,8.074604,2.9355175,19.442528,3.131608
u25_dist_1,1.0789774612480618,0.667519247816693,8.013488,2.9609118,19.365475,3.131608
u26_dist_1,1.2636111180471032,0.8757360181731721,8.105296,4.8146873,24.287544,2.8934593
u27_dist_1,1.055668294922127,0.6304051818721078,7.9554863,2.952033,19.442528,3.131608
u28_dist_1,1.178443106286251,0.7248745352540192,8.147029,2.077646,16.876932,3.5232306
nearest_distances_ca_1,0.8661180531970211,0.42611309490920646,7.7529902,2.1075602,14.591963,3.7147005
t12_cos_1,0.0596406989338018,0.04306994943143402,-0.45915186,0.30151474,0.5746034,-0.99995625
t23_cos_1,0.0562093532472612,0.03897274333626927,-0.15787381,0.43838012,0.90415776,-0.9965343
t45_cos_1,0.20183652776657104,0.17024765396124553,-0.078123786,0.5721244,0.9999781,-0.99999833
t56_cos_1,0.2095827403267009,0.17731792395894472,-0.079868205,0.57801485,0.999838,-0.9998208
t78_cos_1,0.185825872514868,0.18471537836628682,-0.7087619,0.26633108,0.7490388,-0.9999953
t89_cos_1,0.5022469441651947,0.3936884170796556,-0.4977515,0.39368778,0.9975159,-0.9999832
t108_cos_1,0.22922215479592886,0.1622636898280511,-0.46855912,0.30481133,0.48717484,-0.99995625
t811_cos_1,0.33392697979087577,0.2272444725441772,-0.16129811,0.4323085,0.90415776,-0.99106926
t110_cos_1,0.2243769862119562,0.2180025284910785,0.3715854,0.59314245,0.99999934,-0.9999515
t311_cos_1,0.22331517151610403,0.22493933843655425,0.38065863,0.59499425,0.99999934,-0.9998681
t28_cos_1,0.26368139713992905,0.19712509777424686,0.14731392,0.58748007,0.9999985,-0.99996555
t47_cos_1,0.28227240520163605,0.2215811027280711,0.21540582,0.5556722,0.99998105,-0.99979776
t69_cos_1,0.29963524798369484,0.23485546282713168,0.22860518,0.5584828,0.99998105,-0.9998142
t75_cos_1,0.1927255470303713,0.15860597023337147,0.053908005,0.57672817,0.99999833,-0.9998794
t95_cos_1,0.22101377267789374,0.1756349071506575,0.02595498,0.5713737,0.9998208,-0.9999755
t42_cos_1,0.11165485753104512,0.10727412561661714,-0.7028666,0.27032402,0.7490388,-0.9999953
t62_cos_1,0.11525931191078172,0.09843894620469634,-0.49050176,0.39840356,0.9975159,-0.9999832
t25_cos_1,0.23793395169213424,0.18616005321708382,0.13856001,0.4802284,0.99986005,-0.9997058
t85_cos_1,0.25076035229043314,0.1940787774927582,-0.093705826,0.48388976,0.9999925,-0.9997442
dihedral_cos_selfai_selfbi_selfbj_selfaj_1,0.3127094565017909,0.26492378999044114,0.19527553,0.6912436,1.0,-1.0
dihedral_sin_selfai_selfbi_selfbj_selfaj_1,0.5169326981677549,0.3097704774444437,-0.06607209,0.6925945,1.0,-1.0
dihedral_cos_minusi_selfi_selfj_minusj_1,0.3480700689274159,0.3013476142950715,0.051251467,0.7185022,1.0,-1.0
dihedral_sin_minusi_selfi_selfj_minusj_1,0.5000373118719333,0.3027659276006953,-0.02026537,0.6896563,0.9999999,-1.0
dihedral_cos_minusi_selfi_selfj_plusj_1,0.4013161157597339,0.29608161270582095,0.036694974,0.7216259,1.0,-1.0
dihedral_sin_minusi_selfi_selfj_plusj_1,0.5029667344606574,0.30410352081555614,-0.026651435,0.68714684,1.0,-1.0
dihedral_cos_plusi_selfi_selfj_minusj_1,0.39035026643334,0.2949384160993102,0.032695938,0.71713567,1.0,-1.0
dihedral_sin_plusi_selfi_selfj_minusj_1,0.4939637393029012,0.31457228005022253,-0.0001510569,0.6924999,1.0,-1.0
dihedral_cos_plusi_selfi_selfj_plusj_1,0.36382370197242275,0.3042228386454982,0.078276515,0.7123303,1.0,-1.0
dihedral_sin_plusi_selfi_selfj_plusj_1,0.4851583037522657,0.306580549872784,-0.011788579,0.69375175,0.9999999,-1.0
linear_foldseek_b_1,0.8842196323398805,0.759166794881465,-0.087372735,4.349425,6.0,-6.0
log_foldseek_b_1,0.5791085048839225,0.5500548683365007,-0.049438745,2.4138696,7.4483337,-7.517521
linear_foldseek_a_1,0.7276048713177109,0.6892705649966892,-0.032240506,3.9460807,6.0,-6.0
log_foldseek_a_1,0.46045589301416234,0.46918818939300927,-0.021685552,2.0630739,7.30586,-7.4448333
u12_dist_2,1.655241140942495,1.228733353046822,11.774796,3.6433144,30.627613,3.080994
u13_dist_2,1.4892938844356278,1.0747673968970293,10.80293,3.6391103,25.36082,2.8202844
u14_dist_2,1.532335231900635,1.104024615731084,11.894018,5.1122174,30.67795,2.5892472
u15_dist_2,1.4850724100524624,1.0364906448042197,11.171102,3.7438512,25.935888,2.8202844
u16_dist_2,1.475827735914741,1.024473973087623,11.078181,3.647151,25.36082,2.6216016
u17_dist_2,1.625896885543594,1.1256068815758222,12.059644,5.1484566,30.67795,2.6663811
u18_dist_2,1.4862111112162621,1.0665043605832638,10.880234,3.6351092,26.027147,2.8202844
u19_dist_2,1.6348142310477956,1.228983708760755,11.777986,3.6521096,28.573702,2.6216016
nearest_distances_cb_2,1.1026071070586627,0.6693841411763944,9.711776,3.178491,20.887146,3.8252864
u20_dist_2,1.4342598460002587,0.8447931706727378,9.788706,2.9325655,19.803072,3.5232306
u21_dist_2,1.2387393836046277,0.7622674826671204,9.516344,3.603395,24.178785,3.76498
u22_dist_2,1.4212378405987274,1.036963829226284,9.753466,5.049549,29.018478,2.7341616
u23_dist_2,1.2648712545776442,0.7884223887187233,9.544814,3.5443003,24.184772,3.131608
u25_dist_2,1.235975152262883,0.7767932186237897,9.6362915,3.5727613,24.180563,3.131608
u26_dist_2,1.4043505818726136,1.068752081564665,9.648787,4.9681196,29.030214,2.889777
u27_dist_2,1.2295033498694912,0.8030784289747985,9.512597,3.5029233,24.180563,3.8406603
u28_dist_2,1.4339236901543346,0.8938042664869302,9.863842,2.8896115,25.39235,3.7147005
nearest_distances_ca_2,1.064920826163435,0.4940298380904487,9.292832,2.9435673,19.349163,4.4972224
t12_cos_2,0.05760408724923523,0.041542089208168,-0.45915186,0.30151474,0.5746034,-0.99995625
t23_cos_2,0.054791304708185454,0.038299167863172695,-0.15787381,0.43838012,0.90415776,-0.9965343
t45_cos_2,0.20456975602079192,0.17083426609679112,-0.08197234,0.57728523,0.9998013,-0.99993014
t56_cos_2,0.206229667615037,0.16848234331935963,-0.063565314,0.5678517,0.9999755,-0.99975723
t78_cos_2,0.1883313887061242,0.18191750478341348,-0.70988744,0.26405108,0.7490388,-0.99998605
t89_cos_2,0.2935147654392218,0.2254761751036335,-0.49126667,0.39786533,0.9975159,-0.9997631
t108_cos_2,0.23135871191111837,0.16567765450145613,-0.470572,0.30185425,0.5746034,-0.9999402
t811_cos_2,0.3330599308813467,0.22668487465749995,-0.15168475,0.44084725,0.90415776,-0.9965343
t110_cos_2,0.23526826199234055,0.21720199296367784,0.32407767,0.5936724,0.9999766,-0.9999211
t311_cos_2,0.2490163887904761,0.23271249502928976,0.31638327,0.5943418,0.9999766,-0.9997783
t28_cos_2,0.2490241711169017,0.19812396401030982,0.12594472,0.5911063,0.99998325,-0.99996555
t47_cos_2,0.275309182978853,0.22080781243355876,0.18159685,0.5679265,0.9999963,-0.9998731
t69_cos_2,0.32798183034497663,0.2537452071494159,0.1571213,0.57492083,0.99999213,-0.9999907
t75_cos_2,0.20579577279205435,0.1627164710933765,0.020737577,0.5750846,0.9997782,-0.9998013
t95_cos_2,0.2313210977107896,0.18091740948162696,0.03141602,0.57005835,0.9999361,-0.99997574
t42_cos_2,0.11162482307160071,0.10575289929377313,-0.7028666,0.27032402,0.7490388,-0.9999953
t62_cos_2,0.11512696229874622,0.09955291997983629,-0.49050176,0.39840356,0.9975159,-0.9999832
t25_cos_2,0.24094717379484473,0.19172138762896318,0.11353153,0.4921234,0.9999958,-0.9996194
t85_cos_2,0.2652290738331004,0.19573893920062807,-0.053898975,0.49889025,0.9998882,-0.9996455
dihedral_cos_selfai_selfbi_selfbj_selfaj_2,0.2811104551402573,0.2546538707970159,0.1471117,0.7032914,1.0,-1.0
dihedral_sin_selfai_selfbi_selfbj_selfaj_2,0.5801721908565867,0.3056078619266473,-0.006870247,0.69547814,1.0000001,-1.0
dihedral_cos_minusi_selfi_selfj_minusj_2,0.3431300251988178,0.30299334188184673,0.017035883,0.7152383,1.0,-1.0
dihedral_sin_minusi_selfi_selfj_minusj_2,0.5480027736964062,0.3076188378756274,0.015895143,0.69522935,1.0,-1.0
dihedral_cos_minusi_selfi_selfj_plusj_2,0.4580430639395619,0.3264281049577742,0.022269772,0.74082506,1.0,-1.0
dihedral_sin_minusi_selfi_selfj_plusj_2,0.5088128349803865,0.31121847112452505,0.008726377,0.66794896,1.0000001,-1.0
dihedral_cos_plusi_selfi_selfj_minusj_2,0.39786918820192374,0.30256241963270436,0.03310884,0.7408181,1.0,-1.0
dihedral_sin_plusi_selfi_selfj_minusj_2,0.52197237360563,0.3136938926670777,0.006707401,0.66746044,1.0,-0.9999999
dihedral_cos_plusi_selfi_selfj_plusj_2,0.336986412200114,0.29818959152818514,0.01268245,0.7171454,1.0,-1.0
dihedral_sin_plusi_selfi_selfj_plusj_2,0.5001022911492381,0.31317271257763957,0.025956802,0.69312227,1.0,-0.9999999
linear_foldseek_b_2,0.9381434511816241,0.7800574020550537,0.003521803,4.7072024,6.0,-6.0
log_foldseek_b_2,0.6278349136225337,0.5784384013727379,-0.008053202,2.5615425,7.518607,-7.51915
linear_foldseek_a_2,0.8366793689993728,0.7657405998484,-0.09560095,4.5496397,6.0,-6.0
log_foldseek_a_2,0.5189091893441471,0.5220936671936287,-0.049478844,2.2875626,7.3072023,-7.518607
u12_dist_3,1.6488579059369266,1.2456418814874295,12.309378,3.853901,31.34962,2.9525042
u13_dist_3,1.436717259789991,1.060261319313446,11.507998,3.9023912,28.43195,2.6216016
u14_dist_3,1.5509086451747547,1.124991731267462,12.518158,5.319237,34.597008,2.3853476
u15_dist_3,1.5368638152524132,1.0205966067629468,11.696825,3.9468799,28.338497,2.7461128
u16_dist_3,1.4888376255472635,1.0045670366790598,11.773275,4.028797,28.855412,2.7461047
u17_dist_3,1.6606469949824394,1.1489073477009655,12.353305,5.245969,34.597008,2.5906217
u18_dist_3,1.6043787124009323,1.1561980827874376,11.426154,3.8343487,27.575792,2.7461128
u19_dist_3,1.6678215092837738,1.2468976301372245,12.303596,3.859764,30.667818,2.8905628
nearest_distances_cb_3,1.1954344871858327,0.6899638149037585,10.604322,3.460603,25.765081,4.273294
u20_dist_3,1.5103462279632973,0.9485816456477607,10.328897,2.959556,21.15678,4.0822687
u21_dist_3,1.3035109179757458,0.8309066670124378,10.046975,3.5918684,24.70816,3.7757282
u22_dist_3,1.5045388587314859,1.0945806206491164,10.170577,5.100963,29.023096,2.8668418
u23_dist_3,1.3622875742458265,0.7965966775697378,10.129952,3.6393497,24.287544,3.5232306
u25_dist_3,1.3537056792093054,0.7989063501384689,10.0704775,3.6754913,24.932653,3.8227339
u26_dist_3,1.5281482531608064,1.0975874008383757,10.20446,5.1148896,29.10556,2.9681835
u27_dist_3,1.322539781489033,0.7877301104301935,10.016362,3.6479328,24.287544,3.947286
u28_dist_3,1.5070188741735255,0.9228264811580064,10.257973,3.0171125,23.1113,3.8406603
nearest_distances_ca_3,1.1330378656160773,0.5356899115322283,9.862906,3.00463,21.254925,4.6986337
t12_cos_3,0.06320098577407073,0.0431007016384316,-0.45915186,0.30151474,0.5746034,-0.99995625
t23_cos_3,0.05593428315777112,0.038367052356343696,-0.15787381,0.43838012,0.90415776,-0.9965343
t45_cos_3,0.18204303762142193,0.14864768419045782,-0.08870997,0.57197064,0.9999727,-0.99996823
t56_cos_3,0.2060462914985953,0.17367270343720054,-0.09543721,0.578027,0.9999377,-0.9999361
t78_cos_3,0.1871371953771126,0.18548755982198856,-0.7086553,0.26598167,0.7490388,-0.9999953
t89_cos_3,0.2874519060654013,0.2236792973873986,-0.49026763,0.3921411,0.9975159,-0.9999832
t108_cos_3,0.23048187655450372,0.1631778588770007,-0.4645305,0.30294597,0.5607061,-0.99995625
t811_cos_3,0.3300282315721605,0.22635076184518257,-0.15389843,0.43253604,0.90415776,-0.9954463
t110_cos_3,0.2590155206699889,0.23678237695584187,0.2947076,0.59535104,0.9999441,-0.9999515
t311_cos_3,0.26016876732280086,0.24114258130152333,0.29848272,0.59596324,0.99997,-0.99980295
t28_cos_3,0.27878123173494374,0.21467542909274784,0.06847439,0.58695656,0.99997115,-0.9997876
t47_cos_3,0.3082252702579866,0.2382004260314449,0.13931584,0.5691579,0.99999213,-0.999717
t69_cos_3,0.33442672432237097,0.25466499802102915,0.14324023,0.5743834,0.9999963,-0.9999897
t75_cos_3,0.19760935452145975,0.1580168876666932,0.058292836,0.57751447,0.9999492,-0.9999781
t95_cos_3,0.2063408554451201,0.168365914129902,0.03618863,0.5811946,0.9998787,-0.99989635
t42_cos_3,0.11138482815047972,0.10496215220098151,-0.7028666,0.27032402,0.7490388,-0.9999953
t62_cos_3,0.11327200676563957,0.09716992450937974,-0.49050176,0.39840356,0.9975159,-0.9999832
t25_cos_3,0.2300901520580764,0.1808716870752163,0.16433494,0.49924153,0.99987376,-0.99996483
t85_cos_3,0.25068989705361816,0.19333956954763518,-0.103657715,0.50796247,0.999864,-0.9998833
dihedral_cos_selfai_selfbi_selfbj_selfaj_3,0.33099287863264215,0.27504038552880467,0.12314757,0.7062121,1.0,-0.99999994
dihedral_sin_selfai_selfbi_selfbj_selfaj_3,0.5445085155561552,0.306374319924075,0.022807362,0.69683534,1.0,-1.0
dihedral_cos_minusi_selfi_selfj_minusj_3,0.3519178771855886,0.29373143530665186,-0.00083912484,0.72105354,1.0,-1.0
dihedral_sin_minusi_selfi_selfj_minusj_3,0.9853018236929715,0.689224701084422,0.01469818,0.68922275,1.0,-1.0
dihedral_cos_minusi_selfi_selfj_plusj_3,0.47215539350097974,0.3249851417164955,0.034509815,0.7313989,1.0,-1.0
dihedral_sin_minusi_selfi_selfj_plusj_3,0.5416003733067637,0.3128282642436991,0.0018097301,0.67725414,1.0,-1.0
dihedral_cos_plusi_selfi_selfj_minusj_3,0.4856677219126254,0.33054956223332954,0.030324329,0.7318365,1.0,-1.0
dihedral_sin_plusi_selfi_selfj_minusj_3,0.5257125939204264,0.30454924829867736,0.0141123235,0.6770996,0.99999994,-1.0
dihedral_cos_plusi_selfi_selfj_plusj_3,0.3552011817829321,0.31161904188022843,0.0062040184,0.72069174,1.0,-1.0
dihedral_sin_plusi_selfi_selfj_plusj_3,0.5307488993423954,0.3000161437383799,0.012238061,0.6893678,1.0,-1.0
linear_foldseek_b_3,0.8876395084232468,0.7149709135811838,-0.1246078,4.871662,6.0,-6.0
log_foldseek_b_3,0.5871133083680257,0.5213973180023633,-0.0696021,2.6293235,7.5196924,-7.518064
linear_foldseek_a_3,0.7611018619525446,0.6638180540033366,-0.04997759,4.6688323,6.0,-6.0
log_foldseek_a_3,0.5264100464093225,0.5043504777926443,-0.029077139,2.3385527,7.4483337,-7.518064
u12_dist_4,1.806172620405146,1.304655211976933,13.531216,4.2664814,31.40082,2.9862733
u13_dist_4,1.6540678643368114,1.179608961775854,12.459438,4.4369864,30.67795,2.8202844
u14_dist_4,1.694210440422315,1.153198495229735,13.475231,5.6394806,35.894577,2.6216016
u15_dist_4,1.5918929638550865,1.0621792954389149,12.856855,4.494287,31.201216,2.6216016
u16_dist_4,1.6516336712755084,1.094373890688041,12.772622,4.495532,30.465155,2.9525042
u17_dist_4,1.6990089317194637,1.1670980589668307,13.570507,5.614134,34.977352,2.467264
u18_dist_4,1.7612201930420601,1.2533632967068271,12.519119,4.385478,30.67795,2.8202844
u19_dist_4,1.8664390214115312,1.3329452288045174,13.540041,4.277673,32.53622,2.7461047
nearest_distances_cb_4,1.36885873059377,0.7866089648107574,11.617643,3.94067,27.170008,4.8008285
u20_dist_4,1.6884912891867923,1.0459060261910993,11.774524,3.6973026,26.309141,4.065824
u21_dist_4,1.4942201994945827,0.9588387439337591,11.377982,4.273815,29.014645,4.2125235
u22_dist_4,1.7728480261770736,1.2129474295069687,11.545718,5.48393,33.864597,2.9681835
u23_dist_4,1.493460038807936,0.9132610512858069,11.458046,4.197408,29.011265,3.9696002
u25_dist_4,1.564842198335797,0.9613512660496941,11.489875,4.2548256,29.023096,4.1901174
u26_dist_4,1.7472540700818067,1.1923523337131738,11.508971,5.368601,33.85351,2.9148705
u27_dist_4,1.4734853010915905,0.9293146293576172,11.380957,4.1621103,29.018478,4.0822687
u28_dist_4,1.7659772207270268,1.076305900363222,11.8079815,3.671895,29.864466,3.7757282
nearest_distances_ca_4,1.292321471205562,0.6574902779123517,11.22792,3.716022,24.932652,4.994645
t12_cos_4,0.05824435514577622,0.041811578974623564,-0.45915186,0.30151474,0.5746034,-0.99995625
t23_cos_4,0.05204922754262941,0.03675816532957998,-0.15787381,0.43838012,0.90415776,-0.9965343
t45_cos_4,0.18712329705472452,0.15611745376291777,-0.081546485,0.5799293,0.99998176,-0.9999492
t56_cos_4,0.21943500461681806,0.17910671285744612,-0.066879906,0.571807,0.9999177,-0.99999666
t78_cos_4,0.18715497494991942,0.1896057279038923,-0.71419466,0.26513657,0.7490388,-0.9999953
t89_cos_4,0.2903786516034715,0.22873097546571206,-0.4901037,0.39717516,0.9878454,-0.99986154
t108_cos_4,0.23279346013689167,0.16704902684084705,-0.4734106,0.3033561,0.5746034,-0.99995625
t811_cos_4,0.33834699249219347,0.2232027886978407,-0.14390044,0.43945634,0.90415776,-0.9965343
t110_cos_4,0.25288267295739975,0.2253551765872339,0.25427234,0.60371584,0.9999933,-0.99999934
t311_cos_4,0.2712197415478911,0.23950720138443946,0.24332489,0.6052753,0.9999812,-0.99998486
t28_cos_4,0.2767942172131422,0.2019366392837426,0.08145031,0.5923627,0.9999863,-0.99984264
t47_cos_4,0.29448718990613376,0.233808935394376,0.13486941,0.5843102,0.99999213,-0.999868
t69_cos_4,0.3332998915562884,0.2550574734753594,0.11346096,0.5860945,0.9999461,-0.99990344
t75_cos_4,0.19150094597846337,0.15566003183512703,0.016056448,0.576317,0.99993014,-0.9999911
t95_cos_4,0.2072734276093885,0.16791244742452574,0.02566407,0.57476974,0.9999875,-0.9999292
t42_cos_4,0.11239393183583066,0.10749088227827847,-0.7028666,0.27032402,0.7490388,-0.9999953
t62_cos_4,0.11610778996755589,0.1001474339054294,-0.49050176,0.39840356,0.9975159,-0.9999832
t25_cos_4,0.2553645662838365,0.19656449036425178,0.11955092,0.5067343,0.9999975,-0.99985486
t85_cos_4,0.24857879789369866,0.18928955457662294,-0.05009323,0.51662934,0.99975336,-0.99987376
dihedral_cos_selfai_selfbi_selfbj_selfaj_4,0.3258601888136146,0.25713189750220417,0.10379501,0.70630336,1.0,-1.0
dihedral_sin_selfai_selfbi_selfbj_selfaj_4,0.5607453971140817,0.30206182180012314,-0.01362106,0.7001245,1.0000001,-0.99999994
dihedral_cos_minusi_selfi_selfj_minusj_4,0.3146653091836279,0.2873018485416552,0.0042729564,0.7372025,1.0,-1.0
dihedral_sin_minusi_selfi_selfj_minusj_4,0.47186863421506725,0.29530108442905745,-0.010075457,0.6720891,0.99999994,-0.99999994
dihedral_cos_minusi_selfi_selfj_plusj_4,0.4211283589018764,0.3111943852495426,0.034437776,0.7301751,1.0,-1.0
dihedral_sin_minusi_selfi_selfj_plusj_4,0.530188844216472,0.302307362342047,-0.0009665702,0.67857844,0.99999994,-1.0
dihedral_cos_plusi_selfi_selfj_minusj_4,0.41038162722813476,0.30089378048791654,0.047880124,0.73002636,1.0,-0.99999994
dihedral_sin_plusi_selfi_selfj_minusj_4,0.49087759616126586,0.3044556290950823,-0.009822967,0.67820317,1.0,-1.0
dihedral_cos_plusi_selfi_selfj_plusj_4,0.34002268705822536,0.2975647517440272,1.9244484e-05,0.73524296,1.0,-0.99999994
dihedral_sin_plusi_selfi_selfj_plusj_4,0.5054268652872638,0.30027943833802295,-0.010026378,0.6738914,1.0,-1.0
linear_foldseek_b_4,0.9328690832056782,0.7508762344654873,0.012230262,5.2485604,6.0,-6.0
log_foldseek_b_4,0.6408051104183622,0.5527902023755064,-0.021891572,2.7502594,7.51915,-7.518607
linear_foldseek_a_4,0.8141282769189019,0.6842661156192577,-0.04677595,5.227435,6.0,-6.0
log_foldseek_a_4,0.6613056312593125,0.5763354401222083,-0.035171796,2.5781794,7.51915,-7.51915
cos_ca_k0_and_k1,0.40467639791482773,0.327627136241098,-0.3334352,0.76421523,0.99950486,-0.9999956
cos_cb_k0_and_k1,0.3777503194178138,0.28686873810164526,-0.16825615,0.62023866,0.99991673,-0.999997
cos_ca_k0_and_k2,0.5925959094330381,0.38697947362858354,0.39421356,0.73666185,0.99999505,-0.9999957
cos_cb_k0_and_k2,0.48383254923257313,0.2951827568300939,0.12952492,0.67254096,0.9999803,-0.9999996
cos_ca_k0_and_k3,0.6054822388022499,0.35177627118253174,-0.06393541,0.78573203,0.9999995,-0.9999855
cos_cb_k0_and_k3,0.4848239719889324,0.3047996698646709,0.08511245,0.680893,0.99998695,-0.9998787
cos_ca_k0_and_k4,0.5987295961498154,0.35322154462650124,0.28981018,0.72595996,0.99999917,-0.9999536
cos_cb_k0_and_k4,0.5573908805913751,0.3042267519856035,0.19349858,0.6754622,0.9999881,-0.999958
cos_ca_k1_and_k2,0.5630744274947782,0.384898727732809,-0.12903248,0.76478493,0.99999523,-0.9999999
cos_cb_k1_and_k2,0.486311691542621,0.29345244457857567,-0.004430145,0.6633445,0.99999106,-0.99998105
cos_ca_k1_and_k3,0.5842245903160782,0.3948175257359421,0.3580501,0.7467884,0.9999969,-0.99998736
cos_cb_k1_and_k3,0.49363911733855254,0.29275518844158244,0.13324739,0.67267215,0.9999845,-0.9999521
cos_ca_k1_and_k4,0.5995167236697455,0.3467054227014969,-0.015984856,0.7508493,0.9999963,-0.9999883
cos_cb_k1_and_k4,0.5555634502888881,0.30703451354859224,0.09448704,0.675994,0.99999034,-0.99993986
cos_ca_k2_and_k3,0.35304376352457195,0.3106585320935012,-0.34232447,0.6752599,0.99992496,-0.99999964
cos_cb_k2_and_k3,0.4371015051961213,0.3140704254955562,-0.08192749,0.64263695,0.9998556,-0.99992996
cos_ca_k2_and_k4,0.5160501207332636,0.40179017432314895,0.3709652,0.7060911,0.9999994,-0.9999675
cos_cb_k2_and_k4,0.5373978931935377,0.30234070619655,0.14805384,0.67073697,0.9999954,-0.9999921
cos_ca_k3_and_k4,0.5127299084161279,0.3695949639836131,-0.12495393,0.72053903,0.99998724,-0.99998903
cos_cb_k3_and_k4,0.5183951275661166,0.3117667348429307,0.03294741,0.66715306,0.9999756,-0.9999724
